{
  "" : {
    "transaction" : "",
    "sampleCount" : 73,
    "errorCount" : 33,
    "errorPct" : 45.20548,
    "meanResTime" : 1134.3150684931502,
    "medianResTime" : 855.0,
    "minResTime" : 414.0,
    "maxResTime" : 2379.0,
    "pct1ResTime" : 2146.6000000000004,
    "pct2ResTime" : 2235.4999999999995,
    "pct3ResTime" : 2379.0,
    "throughput" : 14.44972288202692,
    "receivedKBytesPerSec" : 1740.1553144175575,
    "sentKBytesPerSec" : 61.63709916864609
  },
  "-1" : {
    "transaction" : "-1",
    "sampleCount" : 49,
    "errorCount" : 9,
    "errorPct" : 18.367348,
    "meanResTime" : 686.3265306122448,
    "medianResTime" : 342.0,
    "minResTime" : 48.0,
    "maxResTime" : 1718.0,
    "pct1ResTime" : 1656.0,
    "pct2ResTime" : 1686.0,
    "pct3ResTime" : 1718.0,
    "throughput" : 10.476801368398547,
    "receivedKBytesPerSec" : 1856.3517696306394,
    "sentKBytesPerSec" : 12.49423709108403
  },
  "-2" : {
    "transaction" : "-2",
    "sampleCount" : 49,
    "errorCount" : 0,
    "errorPct" : 0.0,
    "meanResTime" : 194.9183673469387,
    "medianResTime" : 226.0,
    "minResTime" : 69.0,
    "maxResTime" : 481.0,
    "pct1ResTime" : 337.0,
    "pct2ResTime" : 425.0,
    "pct3ResTime" : 481.0,
    "throughput" : 14.527127186480879,
    "receivedKBytesPerSec" : 3.9722613400533646,
    "sentKBytesPerSec" : 6.979830640379483
  },
  "-3" : {
    "transaction" : "-3",
    "sampleCount" : 47,
    "errorCount" : 0,
    "errorPct" : 0.0,
    "meanResTime" : 60.61702127659574,
    "medianResTime" : 59.0,
    "minResTime" : 54.0,
    "maxResTime" : 88.0,
    "pct1ResTime" : 67.80000000000001,
    "pct2ResTime" : 72.19999999999999,
    "pct3ResTime" : 88.0,
    "throughput" : 15.38965291421087,
    "receivedKBytesPerSec" : 3.4716892804518666,
    "sentKBytesPerSec" : 7.4844210461689595
  },
  "-4" : {
    "transaction" : "-4",
    "sampleCount" : 47,
    "errorCount" : 0,
    "errorPct" : 0.0,
    "meanResTime" : 78.46808510638299,
    "medianResTime" : 66.0,
    "minResTime" : 56.0,
    "maxResTime" : 119.0,
    "pct1ResTime" : 106.2,
    "pct2ResTime" : 109.6,
    "pct3ResTime" : 119.0,
    "throughput" : 15.093127809890815,
    "receivedKBytesPerSec" : 3.4047973868015418,
    "sentKBytesPerSec" : 7.443388226557483
  },
  "-5" : {
    "transaction" : "-5",
    "sampleCount" : 46,
    "errorCount" : 0,
    "errorPct" : 0.0,
    "meanResTime" : 59.30434782608696,
    "medianResTime" : 58.0,
    "minResTime" : 54.0,
    "maxResTime" : 75.0,
    "pct1ResTime" : 67.30000000000001,
    "pct2ResTime" : 70.6,
    "pct3ResTime" : 75.0,
    "throughput" : 15.410385259631491,
    "receivedKBytesPerSec" : 3.476366206030151,
    "sentKBytesPerSec" : 7.569749790619766
  },
  "-6" : {
    "transaction" : "-6",
    "sampleCount" : 44,
    "errorCount" : 0,
    "errorPct" : 0.0,
    "meanResTime" : 82.88636363636364,
    "medianResTime" : 79.0,
    "minResTime" : 77.0,
    "maxResTime" : 183.0,
    "pct1ResTime" : 86.0,
    "pct2ResTime" : 91.75,
    "pct3ResTime" : 183.0,
    "throughput" : 14.96089765385923,
    "receivedKBytesPerSec" : 3.550291142468548,
    "sentKBytesPerSec" : 7.524279581774907
  },
  "-7" : {
    "transaction" : "-7",
    "sampleCount" : 42,
    "errorCount" : 0,
    "errorPct" : 0.0,
    "meanResTime" : 83.14285714285715,
    "medianResTime" : 66.0,
    "minResTime" : 38.0,
    "maxResTime" : 263.0,
    "pct1ResTime" : 207.9000000000001,
    "pct2ResTime" : 221.85,
    "pct3ResTime" : 263.0,
    "throughput" : 14.799154334038054,
    "receivedKBytesPerSec" : 4.176026250880902,
    "sentKBytesPerSec" : 7.1538880813953485
  },
  "-8" : {
    "transaction" : "-8",
    "sampleCount" : 40,
    "errorCount" : 0,
    "errorPct" : 0.0,
    "meanResTime" : 59.675,
    "medianResTime" : 58.0,
    "minResTime" : 56.0,
    "maxResTime" : 85.0,
    "pct1ResTime" : 65.8,
    "pct2ResTime" : 71.89999999999999,
    "pct3ResTime" : 85.0,
    "throughput" : 15.337423312883436,
    "receivedKBytesPerSec" : 3.4599070168711656,
    "sentKBytesPerSec" : 7.5938218941717786
  },
  "-9" : {
    "transaction" : "-9",
    "sampleCount" : 40,
    "errorCount" : 40,
    "errorPct" : 100.0,
    "meanResTime" : 136.725,
    "medianResTime" : 84.0,
    "minResTime" : 76.0,
    "maxResTime" : 728.0,
    "pct1ResTime" : 180.39999999999998,
    "pct2ResTime" : 663.55,
    "pct3ResTime" : 728.0,
    "throughput" : 15.203344735841885,
    "receivedKBytesPerSec" : 3.5632839224629422,
    "sentKBytesPerSec" : 7.393814139110605
  },
  "-10" : {
    "transaction" : "-10",
    "sampleCount" : 40,
    "errorCount" : 40,
    "errorPct" : 100.0,
    "meanResTime" : 83.45000000000003,
    "medianResTime" : 83.0,
    "minResTime" : 74.0,
    "maxResTime" : 96.0,
    "pct1ResTime" : 89.0,
    "pct2ResTime" : 90.94999999999999,
    "pct3ResTime" : 96.0,
    "throughput" : 15.723270440251572,
    "receivedKBytesPerSec" : 3.6851415094339623,
    "sentKBytesPerSec" : 7.646668632075472
  },
  "-11" : {
    "transaction" : "-11",
    "sampleCount" : 39,
    "errorCount" : 39,
    "errorPct" : 100.0,
    "meanResTime" : 92.76923076923076,
    "medianResTime" : 84.0,
    "minResTime" : 73.0,
    "maxResTime" : 206.0,
    "pct1ResTime" : 104.0,
    "pct2ResTime" : 191.0,
    "pct3ResTime" : 206.0,
    "throughput" : 16.934433347807207,
    "receivedKBytesPerSec" : 3.9690078158923146,
    "sentKBytesPerSec" : 8.235691217976553
  },
  "-12" : {
    "transaction" : "-12",
    "sampleCount" : 39,
    "errorCount" : 39,
    "errorPct" : 100.0,
    "meanResTime" : 85.84615384615383,
    "medianResTime" : 84.0,
    "minResTime" : 75.0,
    "maxResTime" : 135.0,
    "pct1ResTime" : 103.0,
    "pct2ResTime" : 128.0,
    "pct3ResTime" : 135.0,
    "throughput" : 16.72384219554031,
    "receivedKBytesPerSec" : 3.91965051457976,
    "sentKBytesPerSec" : 8.133274817753001
  },
  "-13" : {
    "transaction" : "-13",
    "sampleCount" : 38,
    "errorCount" : 38,
    "errorPct" : 100.0,
    "meanResTime" : 84.63157894736841,
    "medianResTime" : 81.0,
    "minResTime" : 76.0,
    "maxResTime" : 118.0,
    "pct1ResTime" : 94.10000000000002,
    "pct2ResTime" : 114.19999999999999,
    "pct3ResTime" : 118.0,
    "throughput" : 17.241379310344826,
    "receivedKBytesPerSec" : 4.0409482758620685,
    "sentKBytesPerSec" : 8.384967672413792
  },
  "-14" : {
    "transaction" : "-14",
    "sampleCount" : 37,
    "errorCount" : 0,
    "errorPct" : 0.0,
    "meanResTime" : 152.83783783783787,
    "medianResTime" : 89.0,
    "minResTime" : 68.0,
    "maxResTime" : 322.0,
    "pct1ResTime" : 256.2,
    "pct2ResTime" : 273.4000000000001,
    "pct3ResTime" : 322.0,
    "throughput" : 16.584491259524878,
    "receivedKBytesPerSec" : 4.534821828776334,
    "sentKBytesPerSec" : 8.033112953832363
  },
  "-15" : {
    "transaction" : "-15",
    "sampleCount" : 33,
    "errorCount" : 0,
    "errorPct" : 0.0,
    "meanResTime" : 70.6969696969697,
    "medianResTime" : 58.0,
    "minResTime" : 55.0,
    "maxResTime" : 148.0,
    "pct1ResTime" : 137.6,
    "pct2ResTime" : 144.5,
    "pct3ResTime" : 148.0,
    "throughput" : 15.699333967649858,
    "receivedKBytesPerSec" : 3.541548971217888,
    "sentKBytesPerSec" : 7.7730100796860135
  },
  "-1-0" : {
    "transaction" : "-1-0",
    "sampleCount" : 49,
    "errorCount" : 0,
    "errorPct" : 0.0,
    "meanResTime" : 37.12244897959183,
    "medianResTime" : 28.0,
    "minResTime" : 11.0,
    "maxResTime" : 138.0,
    "pct1ResTime" : 101.0,
    "pct2ResTime" : 138.0,
    "pct3ResTime" : 138.0,
    "throughput" : 10.558069381598793,
    "receivedKBytesPerSec" : 1.3197586726998491,
    "sentKBytesPerSec" : 4.49837386877828
  },
  "-16" : {
    "transaction" : "-16",
    "sampleCount" : 31,
    "errorCount" : 0,
    "errorPct" : 0.0,
    "meanResTime" : 69.03225806451611,
    "medianResTime" : 59.0,
    "minResTime" : 54.0,
    "maxResTime" : 136.0,
    "pct1ResTime" : 97.4,
    "pct2ResTime" : 136.0,
    "pct3ResTime" : 136.0,
    "throughput" : 15.09985387238188,